{
    "model":".\/models\/regression_models\/RF\/multi_dimension_all\/241016_model_with_insdustry.pkl",
    "predictions":{
        "having_finished_successfully":-0.0593111174,
        "having_a_problem":-0.0834309306,
        "process_ongoing":-0.059908523,
        "being_ready":-0.0507365289,
        "having_news":-0.0498647748,
        "being_empty":-0.0912116935,
        "shutting_down":-0.0740395628,
        "negative_warnings":-0.1092630476,
        "urgency_reminder":-0.0528329792,
        "encouraging_confirmations":-0.0546594606,
        "starting_prompts":-0.0536798605,
        "waiting_prompts":-0.0625365741,
        "sophistication":-0.0377117051,
        "positivity":-0.0453277966,
        "progressiveness":-0.0373702113,
        "dominance":-0.0406989751,
        "solidity":-0.0385298625,
        "purity":-0.0535668759,
        "playfulness":-0.0610314095
    }
}